{
    "version": "v1.0.0",
    "algorithm": "XGBoost",
    "features": [
        "V1",
        "V2",
        "V3",
        "V4",
        "V5",
        "V6",
        "V7",
        "V8",
        "V9",
        "V10",
        "V11",
        "V12",
        "V13",
        "V14",
        "V15",
        "V16",
        "V17",
        "V18",
        "V19",
        "V20",
        "V21",
        "V22",
        "V23",
        "V24",
        "V25",
        "V26",
        "V27",
        "V28",
        "Amount"
    ],
    "metrics": {
        "accuracy": 0.9871142164952074,
        "precision": 0.10837438423645321,
        "recall": 0.8979591836734694,
        "f1": 0.1934065934065934,
        "auc": 0.9750004127284003
    }
}